구분,인구(명),시전체인구에대한구성비(%),면적(㎢),인구밀도(명/㎢),카페수,시전체카페에대한구성비(%),면적당카페수(ea/㎢),인구당카페수(ea/명),카페당관할인구수(명/ea)
부산진구,361542,10.418309196785481,29.67,12185.0,629,51.515151515151516,21.199865183687226,0.0017397702065043619,574.7885532591415
해운대구,411346,11.853477092179945,51.47,7992.0,592,48.484848484848484,11.501845735379833,0.0014391777238626363,694.8412162162163
